Tick,Step,DateTime,Energy,Rule,Type,WolfGainFromFood,WolfReproduce,X,Y,ID
0,0,2022-02-23T14:49:00.0000000,198,,Wolf,80,3,4,6,a58d0410-6031-4c5e-bb05-77d2ca8c8484
0,0,2022-02-23T14:49:00.0000000,170,,Wolf,80,3,2,4,61e2ad7a-866b-4d60-9ac3-3b471024fe80
1,1,2022-02-23T14:49:01.0000000,276,R3 - Eat Sheep,Wolf,80,3,4,6,a58d0410-6031-4c5e-bb05-77d2ca8c8484
1,1,2022-02-23T14:49:01.0000000,168,R4 - Move towards sheep: 3 tiles away,Wolf,80,3,4,5,61e2ad7a-866b-4d60-9ac3-3b471024fe80
2,2,2022-02-23T14:49:02.0000000,354,R3 - Eat Sheep,Wolf,80,3,4,6,a58d0410-6031-4c5e-bb05-77d2ca8c8484
2,2,2022-02-23T14:49:02.0000000,246,R3 - Eat Sheep,Wolf,80,3,4,5,61e2ad7a-866b-4d60-9ac3-3b471024fe80
3,3,2022-02-23T14:49:03.0000000,432,R3 - Eat Sheep,Wolf,80,3,4,6,a58d0410-6031-4c5e-bb05-77d2ca8c8484
3,3,2022-02-23T14:49:03.0000000,324,R3 - Eat Sheep,Wolf,80,3,4,5,61e2ad7a-866b-4d60-9ac3-3b471024fe80
4,4,2022-02-23T14:49:04.0000000,510,R3 - Eat Sheep,Wolf,80,3,4,6,a58d0410-6031-4c5e-bb05-77d2ca8c8484
4,4,2022-02-23T14:49:04.0000000,322,R4 - Move towards sheep: 3 tiles away,Wolf,80,3,6,6,61e2ad7a-866b-4d60-9ac3-3b471024fe80
5,5,2022-02-23T14:49:05.0000000,588,R3 - Eat Sheep,Wolf,80,3,4,6,a58d0410-6031-4c5e-bb05-77d2ca8c8484
5,5,2022-02-23T14:49:05.0000000,400,R3 - Eat Sheep,Wolf,80,3,6,6,61e2ad7a-866b-4d60-9ac3-3b471024fe80
6,6,2022-02-23T14:49:06.0000000,586,R6 - No more sheep exist,Wolf,80,3,3,3,a58d0410-6031-4c5e-bb05-77d2ca8c8484
6,6,2022-02-23T14:49:06.0000000,478,R3 - Eat Sheep,Wolf,80,3,6,6,61e2ad7a-866b-4d60-9ac3-3b471024fe80
7,7,2022-02-23T14:49:07.0000000,584,R6 - No more sheep exist,Wolf,80,3,4,0,a58d0410-6031-4c5e-bb05-77d2ca8c8484
7,7,2022-02-23T14:49:07.0000000,476,R6 - No more sheep exist,Wolf,80,3,3,6,61e2ad7a-866b-4d60-9ac3-3b471024fe80
8,8,2022-02-23T14:49:08.0000000,582,R6 - No more sheep exist,Wolf,80,3,4,0,a58d0410-6031-4c5e-bb05-77d2ca8c8484
8,8,2022-02-23T14:49:08.0000000,474,R6 - No more sheep exist,Wolf,80,3,5,4,61e2ad7a-866b-4d60-9ac3-3b471024fe80
9,9,2022-02-23T14:49:09.0000000,580,R6 - No more sheep exist,Wolf,80,3,4,0,a58d0410-6031-4c5e-bb05-77d2ca8c8484
9,9,2022-02-23T14:49:09.0000000,472,R6 - No more sheep exist,Wolf,80,3,3,1,61e2ad7a-866b-4d60-9ac3-3b471024fe80
10,10,2022-02-23T14:49:10.0000000,578,R6 - No more sheep exist,Wolf,80,3,4,0,a58d0410-6031-4c5e-bb05-77d2ca8c8484
10,10,2022-02-23T14:49:10.0000000,470,R6 - No more sheep exist,Wolf,80,3,3,0,61e2ad7a-866b-4d60-9ac3-3b471024fe80
11,11,2022-02-23T14:49:11.0000000,576,R6 - No more sheep exist,Wolf,80,3,3,3,a58d0410-6031-4c5e-bb05-77d2ca8c8484
11,11,2022-02-23T14:49:11.0000000,468,R6 - No more sheep exist,Wolf,80,3,6,0,61e2ad7a-866b-4d60-9ac3-3b471024fe80
12,12,2022-02-23T14:49:12.0000000,574,R6 - No more sheep exist,Wolf,80,3,5,5,a58d0410-6031-4c5e-bb05-77d2ca8c8484
12,12,2022-02-23T14:49:12.0000000,466,R6 - No more sheep exist,Wolf,80,3,9,0,61e2ad7a-866b-4d60-9ac3-3b471024fe80
13,13,2022-02-23T14:49:13.0000000,572,R6 - No more sheep exist,Wolf,80,3,2,6,a58d0410-6031-4c5e-bb05-77d2ca8c8484
13,13,2022-02-23T14:49:13.0000000,464,R6 - No more sheep exist,Wolf,80,3,8,3,61e2ad7a-866b-4d60-9ac3-3b471024fe80
14,14,2022-02-23T14:49:14.0000000,570,R6 - No more sheep exist,Wolf,80,3,4,4,a58d0410-6031-4c5e-bb05-77d2ca8c8484
14,14,2022-02-23T14:49:14.0000000,462,R6 - No more sheep exist,Wolf,80,3,8,0,61e2ad7a-866b-4d60-9ac3-3b471024fe80
15,15,2022-02-23T14:49:15.0000000,568,R6 - No more sheep exist,Wolf,80,3,3,7,a58d0410-6031-4c5e-bb05-77d2ca8c8484
15,15,2022-02-23T14:49:15.0000000,460,R6 - No more sheep exist,Wolf,80,3,8,0,61e2ad7a-866b-4d60-9ac3-3b471024fe80
16,16,2022-02-23T14:49:16.0000000,566,R6 - No more sheep exist,Wolf,80,3,2,9,a58d0410-6031-4c5e-bb05-77d2ca8c8484
16,16,2022-02-23T14:49:16.0000000,458,R6 - No more sheep exist,Wolf,80,3,5,1,61e2ad7a-866b-4d60-9ac3-3b471024fe80
17,17,2022-02-23T14:49:17.0000000,564,R6 - No more sheep exist,Wolf,80,3,2,9,a58d0410-6031-4c5e-bb05-77d2ca8c8484
17,17,2022-02-23T14:49:17.0000000,456,R6 - No more sheep exist,Wolf,80,3,6,0,61e2ad7a-866b-4d60-9ac3-3b471024fe80
18,18,2022-02-23T14:49:18.0000000,562,R6 - No more sheep exist,Wolf,80,3,4,7,a58d0410-6031-4c5e-bb05-77d2ca8c8484
18,18,2022-02-23T14:49:18.0000000,454,R6 - No more sheep exist,Wolf,80,3,6,0,61e2ad7a-866b-4d60-9ac3-3b471024fe80
19,19,2022-02-23T14:49:19.0000000,560,R6 - No more sheep exist,Wolf,80,3,5,4,a58d0410-6031-4c5e-bb05-77d2ca8c8484
19,19,2022-02-23T14:49:19.0000000,452,R6 - No more sheep exist,Wolf,80,3,6,0,61e2ad7a-866b-4d60-9ac3-3b471024fe80
20,20,2022-02-23T14:49:20.0000000,558,R6 - No more sheep exist,Wolf,80,3,2,4,a58d0410-6031-4c5e-bb05-77d2ca8c8484
20,20,2022-02-23T14:49:20.0000000,450,R6 - No more sheep exist,Wolf,80,3,8,2,61e2ad7a-866b-4d60-9ac3-3b471024fe80
21,21,2022-02-23T14:49:21.0000000,556,R6 - No more sheep exist,Wolf,80,3,4,7,a58d0410-6031-4c5e-bb05-77d2ca8c8484
21,21,2022-02-23T14:49:21.0000000,448,R6 - No more sheep exist,Wolf,80,3,9,3,61e2ad7a-866b-4d60-9ac3-3b471024fe80
22,22,2022-02-23T14:49:22.0000000,554,R6 - No more sheep exist,Wolf,80,3,4,4,a58d0410-6031-4c5e-bb05-77d2ca8c8484
22,22,2022-02-23T14:49:22.0000000,446,R6 - No more sheep exist,Wolf,80,3,8,0,61e2ad7a-866b-4d60-9ac3-3b471024fe80
23,23,2022-02-23T14:49:23.0000000,552,R6 - No more sheep exist,Wolf,80,3,3,7,a58d0410-6031-4c5e-bb05-77d2ca8c8484
23,23,2022-02-23T14:49:23.0000000,444,R6 - No more sheep exist,Wolf,80,3,8,3,61e2ad7a-866b-4d60-9ac3-3b471024fe80
24,24,2022-02-23T14:49:24.0000000,550,R6 - No more sheep exist,Wolf,80,3,5,9,a58d0410-6031-4c5e-bb05-77d2ca8c8484
24,24,2022-02-23T14:49:24.0000000,442,R6 - No more sheep exist,Wolf,80,3,9,3,61e2ad7a-866b-4d60-9ac3-3b471024fe80
25,25,2022-02-23T14:49:25.0000000,548,R6 - No more sheep exist,Wolf,80,3,3,7,a58d0410-6031-4c5e-bb05-77d2ca8c8484
25,25,2022-02-23T14:49:25.0000000,440,R6 - No more sheep exist,Wolf,80,3,9,6,61e2ad7a-866b-4d60-9ac3-3b471024fe80
26,26,2022-02-23T14:49:26.0000000,546,R6 - No more sheep exist,Wolf,80,3,5,9,a58d0410-6031-4c5e-bb05-77d2ca8c8484
26,26,2022-02-23T14:49:26.0000000,438,R6 - No more sheep exist,Wolf,80,3,9,9,61e2ad7a-866b-4d60-9ac3-3b471024fe80
27,27,2022-02-23T14:49:27.0000000,544,R6 - No more sheep exist,Wolf,80,3,2,8,a58d0410-6031-4c5e-bb05-77d2ca8c8484
27,27,2022-02-23T14:49:27.0000000,436,R6 - No more sheep exist,Wolf,80,3,8,6,61e2ad7a-866b-4d60-9ac3-3b471024fe80
28,28,2022-02-23T14:49:28.0000000,542,R6 - No more sheep exist,Wolf,80,3,5,9,a58d0410-6031-4c5e-bb05-77d2ca8c8484
28,28,2022-02-23T14:49:28.0000000,434,R6 - No more sheep exist,Wolf,80,3,9,5,61e2ad7a-866b-4d60-9ac3-3b471024fe80
29,29,2022-02-23T14:49:29.0000000,540,R6 - No more sheep exist,Wolf,80,3,2,8,a58d0410-6031-4c5e-bb05-77d2ca8c8484
29,29,2022-02-23T14:49:29.0000000,432,R6 - No more sheep exist,Wolf,80,3,6,4,61e2ad7a-866b-4d60-9ac3-3b471024fe80
30,30,2022-02-23T14:49:30.0000000,538,R6 - No more sheep exist,Wolf,80,3,3,5,a58d0410-6031-4c5e-bb05-77d2ca8c8484
30,30,2022-02-23T14:49:30.0000000,430,R6 - No more sheep exist,Wolf,80,3,9,4,61e2ad7a-866b-4d60-9ac3-3b471024fe80
31,31,2022-02-23T14:49:31.0000000,536,R6 - No more sheep exist,Wolf,80,3,4,2,a58d0410-6031-4c5e-bb05-77d2ca8c8484
31,31,2022-02-23T14:49:31.0000000,428,R6 - No more sheep exist,Wolf,80,3,9,4,61e2ad7a-866b-4d60-9ac3-3b471024fe80
32,32,2022-02-23T14:49:32.0000000,534,R6 - No more sheep exist,Wolf,80,3,5,0,a58d0410-6031-4c5e-bb05-77d2ca8c8484
32,32,2022-02-23T14:49:32.0000000,426,R6 - No more sheep exist,Wolf,80,3,9,4,61e2ad7a-866b-4d60-9ac3-3b471024fe80
33,33,2022-02-23T14:49:33.0000000,532,R6 - No more sheep exist,Wolf,80,3,6,3,a58d0410-6031-4c5e-bb05-77d2ca8c8484
33,33,2022-02-23T14:49:33.0000000,424,R6 - No more sheep exist,Wolf,80,3,8,7,61e2ad7a-866b-4d60-9ac3-3b471024fe80
34,34,2022-02-23T14:49:34.0000000,530,R6 - No more sheep exist,Wolf,80,3,9,2,a58d0410-6031-4c5e-bb05-77d2ca8c8484
34,34,2022-02-23T14:49:34.0000000,422,R6 - No more sheep exist,Wolf,80,3,9,8,61e2ad7a-866b-4d60-9ac3-3b471024fe80
35,35,2022-02-23T14:49:35.0000000,528,R6 - No more sheep exist,Wolf,80,3,7,4,a58d0410-6031-4c5e-bb05-77d2ca8c8484
35,35,2022-02-23T14:49:35.0000000,420,R6 - No more sheep exist,Wolf,80,3,9,8,61e2ad7a-866b-4d60-9ac3-3b471024fe80
36,36,2022-02-23T14:49:36.0000000,526,R6 - No more sheep exist,Wolf,80,3,4,2,a58d0410-6031-4c5e-bb05-77d2ca8c8484
36,36,2022-02-23T14:49:36.0000000,418,R6 - No more sheep exist,Wolf,80,3,7,6,61e2ad7a-866b-4d60-9ac3-3b471024fe80
37,37,2022-02-23T14:49:37.0000000,524,R6 - No more sheep exist,Wolf,80,3,6,4,a58d0410-6031-4c5e-bb05-77d2ca8c8484
37,37,2022-02-23T14:49:37.0000000,416,R6 - No more sheep exist,Wolf,80,3,6,3,61e2ad7a-866b-4d60-9ac3-3b471024fe80
38,38,2022-02-23T14:49:38.0000000,522,R6 - No more sheep exist,Wolf,80,3,8,6,a58d0410-6031-4c5e-bb05-77d2ca8c8484
38,38,2022-02-23T14:49:38.0000000,414,R6 - No more sheep exist,Wolf,80,3,5,0,61e2ad7a-866b-4d60-9ac3-3b471024fe80
39,39,2022-02-23T14:49:39.0000000,520,R6 - No more sheep exist,Wolf,80,3,9,3,a58d0410-6031-4c5e-bb05-77d2ca8c8484
39,39,2022-02-23T14:49:39.0000000,412,R6 - No more sheep exist,Wolf,80,3,2,0,61e2ad7a-866b-4d60-9ac3-3b471024fe80
40,40,2022-02-23T14:49:40.0000000,259,R6 - No more sheep exist,Wolf,80,3,8,0,a58d0410-6031-4c5e-bb05-77d2ca8c8484
40,40,2022-02-23T14:49:40.0000000,410,R6 - No more sheep exist,Wolf,80,3,2,0,61e2ad7a-866b-4d60-9ac3-3b471024fe80
41,41,2022-02-23T14:49:41.0000000,257,R6 - No more sheep exist,Wolf,80,3,8,0,a58d0410-6031-4c5e-bb05-77d2ca8c8484
41,41,2022-02-23T14:49:41.0000000,408,R6 - No more sheep exist,Wolf,80,3,2,0,61e2ad7a-866b-4d60-9ac3-3b471024fe80
41,41,2022-02-23T14:49:41.0000000,257,R6 - No more sheep exist,Wolf,80,3,9,3,5181d04d-6886-4c96-bf8b-fe5e712b1c67
42,42,2022-02-23T14:49:42.0000000,255,R6 - No more sheep exist,Wolf,80,3,8,0,a58d0410-6031-4c5e-bb05-77d2ca8c8484
42,42,2022-02-23T14:49:42.0000000,406,R6 - No more sheep exist,Wolf,80,3,2,0,61e2ad7a-866b-4d60-9ac3-3b471024fe80
42,42,2022-02-23T14:49:42.0000000,255,R6 - No more sheep exist,Wolf,80,3,6,2,5181d04d-6886-4c96-bf8b-fe5e712b1c67
43,43,2022-02-23T14:49:43.0000000,253,R6 - No more sheep exist,Wolf,80,3,8,0,a58d0410-6031-4c5e-bb05-77d2ca8c8484
43,43,2022-02-23T14:49:43.0000000,404,R6 - No more sheep exist,Wolf,80,3,2,0,61e2ad7a-866b-4d60-9ac3-3b471024fe80
43,43,2022-02-23T14:49:43.0000000,253,R6 - No more sheep exist,Wolf,80,3,9,1,5181d04d-6886-4c96-bf8b-fe5e712b1c67
44,44,2022-02-23T14:49:44.0000000,251,R6 - No more sheep exist,Wolf,80,3,5,0,a58d0410-6031-4c5e-bb05-77d2ca8c8484
44,44,2022-02-23T14:49:44.0000000,402,R6 - No more sheep exist,Wolf,80,3,3,3,61e2ad7a-866b-4d60-9ac3-3b471024fe80
44,44,2022-02-23T14:49:44.0000000,251,R6 - No more sheep exist,Wolf,80,3,9,1,5181d04d-6886-4c96-bf8b-fe5e712b1c67
45,45,2022-02-23T14:49:45.0000000,249,R6 - No more sheep exist,Wolf,80,3,5,0,a58d0410-6031-4c5e-bb05-77d2ca8c8484
45,45,2022-02-23T14:49:45.0000000,400,R6 - No more sheep exist,Wolf,80,3,5,1,61e2ad7a-866b-4d60-9ac3-3b471024fe80
45,45,2022-02-23T14:49:45.0000000,249,R6 - No more sheep exist,Wolf,80,3,9,1,5181d04d-6886-4c96-bf8b-fe5e712b1c67
46,46,2022-02-23T14:49:46.0000000,247,R6 - No more sheep exist,Wolf,80,3,5,0,a58d0410-6031-4c5e-bb05-77d2ca8c8484
46,46,2022-02-23T14:49:46.0000000,398,R6 - No more sheep exist,Wolf,80,3,3,3,61e2ad7a-866b-4d60-9ac3-3b471024fe80
46,46,2022-02-23T14:49:46.0000000,247,R6 - No more sheep exist,Wolf,80,3,9,1,5181d04d-6886-4c96-bf8b-fe5e712b1c67
47,47,2022-02-23T14:49:47.0000000,245,R6 - No more sheep exist,Wolf,80,3,7,2,a58d0410-6031-4c5e-bb05-77d2ca8c8484
47,47,2022-02-23T14:49:47.0000000,396,R6 - No more sheep exist,Wolf,80,3,1,5,61e2ad7a-866b-4d60-9ac3-3b471024fe80
47,47,2022-02-23T14:49:47.0000000,245,R6 - No more sheep exist,Wolf,80,3,6,0,5181d04d-6886-4c96-bf8b-fe5e712b1c67
48,48,2022-02-23T14:49:48.0000000,243,R6 - No more sheep exist,Wolf,80,3,5,4,a58d0410-6031-4c5e-bb05-77d2ca8c8484
48,48,2022-02-23T14:49:48.0000000,394,R6 - No more sheep exist,Wolf,80,3,2,2,61e2ad7a-866b-4d60-9ac3-3b471024fe80
48,48,2022-02-23T14:49:48.0000000,243,R6 - No more sheep exist,Wolf,80,3,6,0,5181d04d-6886-4c96-bf8b-fe5e712b1c67
49,49,2022-02-23T14:49:49.0000000,241,R6 - No more sheep exist,Wolf,80,3,7,2,a58d0410-6031-4c5e-bb05-77d2ca8c8484
49,49,2022-02-23T14:49:49.0000000,392,R6 - No more sheep exist,Wolf,80,3,2,5,61e2ad7a-866b-4d60-9ac3-3b471024fe80
49,49,2022-02-23T14:49:49.0000000,241,R6 - No more sheep exist,Wolf,80,3,3,0,5181d04d-6886-4c96-bf8b-fe5e712b1c67
50,50,2022-02-23T14:49:50.0000000,239,R6 - No more sheep exist,Wolf,80,3,6,5,a58d0410-6031-4c5e-bb05-77d2ca8c8484
50,50,2022-02-23T14:49:50.0000000,390,R6 - No more sheep exist,Wolf,80,3,3,8,61e2ad7a-866b-4d60-9ac3-3b471024fe80
50,50,2022-02-23T14:49:50.0000000,239,R6 - No more sheep exist,Wolf,80,3,6,1,5181d04d-6886-4c96-bf8b-fe5e712b1c67
51,51,2022-02-23T14:49:51.0000000,237,R6 - No more sheep exist,Wolf,80,3,4,3,a58d0410-6031-4c5e-bb05-77d2ca8c8484
51,51,2022-02-23T14:49:51.0000000,388,R6 - No more sheep exist,Wolf,80,3,3,9,61e2ad7a-866b-4d60-9ac3-3b471024fe80
51,51,2022-02-23T14:49:51.0000000,237,R6 - No more sheep exist,Wolf,80,3,6,4,5181d04d-6886-4c96-bf8b-fe5e712b1c67
52,52,2022-02-23T14:49:52.0000000,117,R6 - No more sheep exist,Wolf,80,3,4,6,a58d0410-6031-4c5e-bb05-77d2ca8c8484
52,52,2022-02-23T14:49:52.0000000,386,R6 - No more sheep exist,Wolf,80,3,2,6,61e2ad7a-866b-4d60-9ac3-3b471024fe80
52,52,2022-02-23T14:49:52.0000000,235,R6 - No more sheep exist,Wolf,80,3,9,5,5181d04d-6886-4c96-bf8b-fe5e712b1c67
53,53,2022-02-23T14:49:53.0000000,115,R6 - No more sheep exist,Wolf,80,3,2,8,a58d0410-6031-4c5e-bb05-77d2ca8c8484
53,53,2022-02-23T14:49:53.0000000,384,R6 - No more sheep exist,Wolf,80,3,2,9,61e2ad7a-866b-4d60-9ac3-3b471024fe80
53,53,2022-02-23T14:49:53.0000000,233,R6 - No more sheep exist,Wolf,80,3,7,7,5181d04d-6886-4c96-bf8b-fe5e712b1c67
53,53,2022-02-23T14:49:53.0000000,115,R6 - No more sheep exist,Wolf,80,3,6,1,b2cd73d7-6c61-43db-bf0a-a80cb7d3c535
54,54,2022-02-23T14:49:54.0000000,113,R6 - No more sheep exist,Wolf,80,3,0,7,a58d0410-6031-4c5e-bb05-77d2ca8c8484
54,54,2022-02-23T14:49:54.0000000,382,R6 - No more sheep exist,Wolf,80,3,2,9,61e2ad7a-866b-4d60-9ac3-3b471024fe80
54,54,2022-02-23T14:49:54.0000000,231,R6 - No more sheep exist,Wolf,80,3,8,4,5181d04d-6886-4c96-bf8b-fe5e712b1c67
54,54,2022-02-23T14:49:54.0000000,113,R6 - No more sheep exist,Wolf,80,3,7,0,b2cd73d7-6c61-43db-bf0a-a80cb7d3c535
55,55,2022-02-23T14:49:55.0000000,111,R6 - No more sheep exist,Wolf,80,3,2,4,a58d0410-6031-4c5e-bb05-77d2ca8c8484
55,55,2022-02-23T14:49:55.0000000,380,R6 - No more sheep exist,Wolf,80,3,2,9,61e2ad7a-866b-4d60-9ac3-3b471024fe80
55,55,2022-02-23T14:49:55.0000000,229,R6 - No more sheep exist,Wolf,80,3,9,1,5181d04d-6886-4c96-bf8b-fe5e712b1c67
55,55,2022-02-23T14:49:55.0000000,111,R6 - No more sheep exist,Wolf,80,3,7,0,b2cd73d7-6c61-43db-bf0a-a80cb7d3c535
56,56,2022-02-23T14:49:56.0000000,109,R6 - No more sheep exist,Wolf,80,3,0,2,a58d0410-6031-4c5e-bb05-77d2ca8c8484
56,56,2022-02-23T14:49:56.0000000,378,R6 - No more sheep exist,Wolf,80,3,2,6,61e2ad7a-866b-4d60-9ac3-3b471024fe80
56,56,2022-02-23T14:49:56.0000000,227,R6 - No more sheep exist,Wolf,80,3,6,1,5181d04d-6886-4c96-bf8b-fe5e712b1c67
56,56,2022-02-23T14:49:56.0000000,109,R6 - No more sheep exist,Wolf,80,3,5,2,b2cd73d7-6c61-43db-bf0a-a80cb7d3c535
57,57,2022-02-23T14:49:57.0000000,107,R6 - No more sheep exist,Wolf,80,3,3,3,a58d0410-6031-4c5e-bb05-77d2ca8c8484
57,57,2022-02-23T14:49:57.0000000,376,R6 - No more sheep exist,Wolf,80,3,2,3,61e2ad7a-866b-4d60-9ac3-3b471024fe80
57,57,2022-02-23T14:49:57.0000000,225,R6 - No more sheep exist,Wolf,80,3,6,0,5181d04d-6886-4c96-bf8b-fe5e712b1c67
57,57,2022-02-23T14:49:57.0000000,107,R6 - No more sheep exist,Wolf,80,3,7,0,b2cd73d7-6c61-43db-bf0a-a80cb7d3c535
58,58,2022-02-23T14:49:58.0000000,105,R6 - No more sheep exist,Wolf,80,3,5,1,a58d0410-6031-4c5e-bb05-77d2ca8c8484
58,58,2022-02-23T14:49:58.0000000,374,R6 - No more sheep exist,Wolf,80,3,4,1,61e2ad7a-866b-4d60-9ac3-3b471024fe80
58,58,2022-02-23T14:49:58.0000000,223,R6 - No more sheep exist,Wolf,80,3,6,3,5181d04d-6886-4c96-bf8b-fe5e712b1c67
58,58,2022-02-23T14:49:58.0000000,105,R6 - No more sheep exist,Wolf,80,3,4,1,b2cd73d7-6c61-43db-bf0a-a80cb7d3c535
59,59,2022-02-23T14:49:59.0000000,103,R6 - No more sheep exist,Wolf,80,3,5,0,a58d0410-6031-4c5e-bb05-77d2ca8c8484
59,59,2022-02-23T14:49:59.0000000,372,R6 - No more sheep exist,Wolf,80,3,7,1,61e2ad7a-866b-4d60-9ac3-3b471024fe80
59,59,2022-02-23T14:49:59.0000000,221,R6 - No more sheep exist,Wolf,80,3,9,4,5181d04d-6886-4c96-bf8b-fe5e712b1c67
59,59,2022-02-23T14:49:59.0000000,103,R6 - No more sheep exist,Wolf,80,3,7,0,b2cd73d7-6c61-43db-bf0a-a80cb7d3c535
60,60,2022-02-23T14:50:00.0000000,101,R6 - No more sheep exist,Wolf,80,3,2,0,a58d0410-6031-4c5e-bb05-77d2ca8c8484
60,60,2022-02-23T14:50:00.0000000,185,R6 - No more sheep exist,Wolf,80,3,6,4,61e2ad7a-866b-4d60-9ac3-3b471024fe80
60,60,2022-02-23T14:50:00.0000000,219,R6 - No more sheep exist,Wolf,80,3,9,4,5181d04d-6886-4c96-bf8b-fe5e712b1c67
60,60,2022-02-23T14:50:00.0000000,101,R6 - No more sheep exist,Wolf,80,3,7,3,b2cd73d7-6c61-43db-bf0a-a80cb7d3c535
61,61,2022-02-23T14:50:01.0000000,99,R6 - No more sheep exist,Wolf,80,3,1,3,a58d0410-6031-4c5e-bb05-77d2ca8c8484
61,61,2022-02-23T14:50:01.0000000,183,R6 - No more sheep exist,Wolf,80,3,7,0,0d59933a-b082-42fa-9ae8-02836bf4e4d4
61,61,2022-02-23T14:50:01.0000000,183,R6 - No more sheep exist,Wolf,80,3,4,6,61e2ad7a-866b-4d60-9ac3-3b471024fe80
61,61,2022-02-23T14:50:01.0000000,217,R6 - No more sheep exist,Wolf,80,3,9,7,5181d04d-6886-4c96-bf8b-fe5e712b1c67
61,61,2022-02-23T14:50:01.0000000,99,R6 - No more sheep exist,Wolf,80,3,9,4,b2cd73d7-6c61-43db-bf0a-a80cb7d3c535
62,62,2022-02-23T14:50:02.0000000,97,R6 - No more sheep exist,Wolf,80,3,0,4,a58d0410-6031-4c5e-bb05-77d2ca8c8484
62,62,2022-02-23T14:50:02.0000000,181,R6 - No more sheep exist,Wolf,80,3,7,3,0d59933a-b082-42fa-9ae8-02836bf4e4d4
62,62,2022-02-23T14:50:02.0000000,181,R6 - No more sheep exist,Wolf,80,3,3,3,61e2ad7a-866b-4d60-9ac3-3b471024fe80
62,62,2022-02-23T14:50:02.0000000,215,R6 - No more sheep exist,Wolf,80,3,6,7,5181d04d-6886-4c96-bf8b-fe5e712b1c67
62,62,2022-02-23T14:50:02.0000000,97,R6 - No more sheep exist,Wolf,80,3,6,4,b2cd73d7-6c61-43db-bf0a-a80cb7d3c535
63,63,2022-02-23T14:50:03.0000000,95,R6 - No more sheep exist,Wolf,80,3,0,4,a58d0410-6031-4c5e-bb05-77d2ca8c8484
63,63,2022-02-23T14:50:03.0000000,179,R6 - No more sheep exist,Wolf,80,3,5,1,0d59933a-b082-42fa-9ae8-02836bf4e4d4
63,63,2022-02-23T14:50:03.0000000,179,R6 - No more sheep exist,Wolf,80,3,4,0,61e2ad7a-866b-4d60-9ac3-3b471024fe80
63,63,2022-02-23T14:50:03.0000000,106,R6 - No more sheep exist,Wolf,80,3,7,9,5181d04d-6886-4c96-bf8b-fe5e712b1c67
63,63,2022-02-23T14:50:03.0000000,95,R6 - No more sheep exist,Wolf,80,3,8,2,b2cd73d7-6c61-43db-bf0a-a80cb7d3c535
64,64,2022-02-23T14:50:04.0000000,93,R6 - No more sheep exist,Wolf,80,3,1,7,a58d0410-6031-4c5e-bb05-77d2ca8c8484
64,64,2022-02-23T14:50:04.0000000,177,R6 - No more sheep exist,Wolf,80,3,5,0,0d59933a-b082-42fa-9ae8-02836bf4e4d4
64,64,2022-02-23T14:50:04.0000000,177,R6 - No more sheep exist,Wolf,80,3,7,0,61e2ad7a-866b-4d60-9ac3-3b471024fe80
64,64,2022-02-23T14:50:04.0000000,104,R6 - No more sheep exist,Wolf,80,3,7,9,5181d04d-6886-4c96-bf8b-fe5e712b1c67
64,64,2022-02-23T14:50:04.0000000,104,R6 - No more sheep exist,Wolf,80,3,6,4,7bac8ff5-d1b3-48ca-96d5-cb7ebbde92c7
64,64,2022-02-23T14:50:04.0000000,93,R6 - No more sheep exist,Wolf,80,3,9,2,b2cd73d7-6c61-43db-bf0a-a80cb7d3c535
65,65,2022-02-23T14:50:05.0000000,91,R6 - No more sheep exist,Wolf,80,3,3,5,a58d0410-6031-4c5e-bb05-77d2ca8c8484
65,65,2022-02-23T14:50:05.0000000,175,R6 - No more sheep exist,Wolf,80,3,5,0,0d59933a-b082-42fa-9ae8-02836bf4e4d4
65,65,2022-02-23T14:50:05.0000000,175,R6 - No more sheep exist,Wolf,80,3,7,0,61e2ad7a-866b-4d60-9ac3-3b471024fe80
65,65,2022-02-23T14:50:05.0000000,102,R6 - No more sheep exist,Wolf,80,3,7,9,5181d04d-6886-4c96-bf8b-fe5e712b1c67
65,65,2022-02-23T14:50:05.0000000,102,R6 - No more sheep exist,Wolf,80,3,9,3,7bac8ff5-d1b3-48ca-96d5-cb7ebbde92c7
65,65,2022-02-23T14:50:05.0000000,91,R6 - No more sheep exist,Wolf,80,3,6,3,b2cd73d7-6c61-43db-bf0a-a80cb7d3c535
66,66,2022-02-23T14:50:06.0000000,89,R6 - No more sheep exist,Wolf,80,3,1,3,a58d0410-6031-4c5e-bb05-77d2ca8c8484
66,66,2022-02-23T14:50:06.0000000,173,R6 - No more sheep exist,Wolf,80,3,5,0,0d59933a-b082-42fa-9ae8-02836bf4e4d4
66,66,2022-02-23T14:50:06.0000000,173,R6 - No more sheep exist,Wolf,80,3,7,0,61e2ad7a-866b-4d60-9ac3-3b471024fe80
66,66,2022-02-23T14:50:06.0000000,100,R6 - No more sheep exist,Wolf,80,3,5,7,5181d04d-6886-4c96-bf8b-fe5e712b1c67
66,66,2022-02-23T14:50:06.0000000,100,R6 - No more sheep exist,Wolf,80,3,9,3,7bac8ff5-d1b3-48ca-96d5-cb7ebbde92c7
66,66,2022-02-23T14:50:06.0000000,44,R6 - No more sheep exist,Wolf,80,3,4,5,b2cd73d7-6c61-43db-bf0a-a80cb7d3c535
67,67,2022-02-23T14:50:07.0000000,87,R6 - No more sheep exist,Wolf,80,3,2,6,a58d0410-6031-4c5e-bb05-77d2ca8c8484
67,67,2022-02-23T14:50:07.0000000,171,R6 - No more sheep exist,Wolf,80,3,2,1,0d59933a-b082-42fa-9ae8-02836bf4e4d4
67,67,2022-02-23T14:50:07.0000000,171,R6 - No more sheep exist,Wolf,80,3,6,3,61e2ad7a-866b-4d60-9ac3-3b471024fe80
67,67,2022-02-23T14:50:07.0000000,98,R6 - No more sheep exist,Wolf,80,3,3,9,5181d04d-6886-4c96-bf8b-fe5e712b1c67
67,67,2022-02-23T14:50:07.0000000,98,R6 - No more sheep exist,Wolf,80,3,9,3,7bac8ff5-d1b3-48ca-96d5-cb7ebbde92c7
67,67,2022-02-23T14:50:07.0000000,42,R6 - No more sheep exist,Wolf,80,3,4,8,b2cd73d7-6c61-43db-bf0a-a80cb7d3c535
67,67,2022-02-23T14:50:07.0000000,42,R6 - No more sheep exist,Wolf,80,3,6,0,c26f7ac7-f8a4-4bae-9e81-f10f1df34d01
68,68,2022-02-23T14:50:08.0000000,85,R6 - No more sheep exist,Wolf,80,3,5,5,a58d0410-6031-4c5e-bb05-77d2ca8c8484
68,68,2022-02-23T14:50:08.0000000,169,R6 - No more sheep exist,Wolf,80,3,0,0,0d59933a-b082-42fa-9ae8-02836bf4e4d4
68,68,2022-02-23T14:50:08.0000000,169,R6 - No more sheep exist,Wolf,80,3,7,6,61e2ad7a-866b-4d60-9ac3-3b471024fe80
68,68,2022-02-23T14:50:08.0000000,96,R6 - No more sheep exist,Wolf,80,3,1,7,5181d04d-6886-4c96-bf8b-fe5e712b1c67
68,68,2022-02-23T14:50:08.0000000,96,R6 - No more sheep exist,Wolf,80,3,9,3,7bac8ff5-d1b3-48ca-96d5-cb7ebbde92c7
68,68,2022-02-23T14:50:08.0000000,40,R6 - No more sheep exist,Wolf,80,3,5,5,b2cd73d7-6c61-43db-bf0a-a80cb7d3c535
68,68,2022-02-23T14:50:08.0000000,40,R6 - No more sheep exist,Wolf,80,3,6,0,c26f7ac7-f8a4-4bae-9e81-f10f1df34d01
69,69,2022-02-23T14:50:09.0000000,83,R6 - No more sheep exist,Wolf,80,3,7,3,a58d0410-6031-4c5e-bb05-77d2ca8c8484
69,69,2022-02-23T14:50:09.0000000,167,R6 - No more sheep exist,Wolf,80,3,2,2,0d59933a-b082-42fa-9ae8-02836bf4e4d4
69,69,2022-02-23T14:50:09.0000000,167,R6 - No more sheep exist,Wolf,80,3,4,7,61e2ad7a-866b-4d60-9ac3-3b471024fe80
69,69,2022-02-23T14:50:09.0000000,94,R6 - No more sheep exist,Wolf,80,3,4,7,5181d04d-6886-4c96-bf8b-fe5e712b1c67
69,69,2022-02-23T14:50:09.0000000,94,R6 - No more sheep exist,Wolf,80,3,9,3,7bac8ff5-d1b3-48ca-96d5-cb7ebbde92c7
69,69,2022-02-23T14:50:09.0000000,38,R6 - No more sheep exist,Wolf,80,3,2,4,b2cd73d7-6c61-43db-bf0a-a80cb7d3c535
69,69,2022-02-23T14:50:09.0000000,38,R6 - No more sheep exist,Wolf,80,3,6,0,c26f7ac7-f8a4-4bae-9e81-f10f1df34d01
70,70,2022-02-23T14:50:10.0000000,81,R6 - No more sheep exist,Wolf,80,3,4,3,a58d0410-6031-4c5e-bb05-77d2ca8c8484
70,70,2022-02-23T14:50:10.0000000,165,R6 - No more sheep exist,Wolf,80,3,0,3,0d59933a-b082-42fa-9ae8-02836bf4e4d4
70,70,2022-02-23T14:50:10.0000000,165,R6 - No more sheep exist,Wolf,80,3,2,9,61e2ad7a-866b-4d60-9ac3-3b471024fe80
70,70,2022-02-23T14:50:10.0000000,92,R6 - No more sheep exist,Wolf,80,3,2,5,5181d04d-6886-4c96-bf8b-fe5e712b1c67
70,70,2022-02-23T14:50:10.0000000,92,R6 - No more sheep exist,Wolf,80,3,9,3,7bac8ff5-d1b3-48ca-96d5-cb7ebbde92c7
70,70,2022-02-23T14:50:10.0000000,36,R6 - No more sheep exist,Wolf,80,3,0,3,b2cd73d7-6c61-43db-bf0a-a80cb7d3c535
70,70,2022-02-23T14:50:10.0000000,36,R6 - No more sheep exist,Wolf,80,3,3,1,c26f7ac7-f8a4-4bae-9e81-f10f1df34d01
71,71,2022-02-23T14:50:11.0000000,79,R6 - No more sheep exist,Wolf,80,3,1,4,a58d0410-6031-4c5e-bb05-77d2ca8c8484
71,71,2022-02-23T14:50:11.0000000,163,R6 - No more sheep exist,Wolf,80,3,0,3,0d59933a-b082-42fa-9ae8-02836bf4e4d4
71,71,2022-02-23T14:50:11.0000000,163,R6 - No more sheep exist,Wolf,80,3,5,8,61e2ad7a-866b-4d60-9ac3-3b471024fe80
71,71,2022-02-23T14:50:11.0000000,90,R6 - No more sheep exist,Wolf,80,3,4,3,5181d04d-6886-4c96-bf8b-fe5e712b1c67
71,71,2022-02-23T14:50:11.0000000,90,R6 - No more sheep exist,Wolf,80,3,9,3,7bac8ff5-d1b3-48ca-96d5-cb7ebbde92c7
71,71,2022-02-23T14:50:11.0000000,34,R6 - No more sheep exist,Wolf,80,3,0,3,b2cd73d7-6c61-43db-bf0a-a80cb7d3c535
71,71,2022-02-23T14:50:11.0000000,34,R6 - No more sheep exist,Wolf,80,3,4,0,c26f7ac7-f8a4-4bae-9e81-f10f1df34d01
72,72,2022-02-23T14:50:12.0000000,77,R6 - No more sheep exist,Wolf,80,3,0,4,a58d0410-6031-4c5e-bb05-77d2ca8c8484
72,72,2022-02-23T14:50:12.0000000,161,R6 - No more sheep exist,Wolf,80,3,0,3,0d59933a-b082-42fa-9ae8-02836bf4e4d4
72,72,2022-02-23T14:50:12.0000000,161,R6 - No more sheep exist,Wolf,80,3,4,9,61e2ad7a-866b-4d60-9ac3-3b471024fe80
72,72,2022-02-23T14:50:12.0000000,88,R6 - No more sheep exist,Wolf,80,3,2,6,5181d04d-6886-4c96-bf8b-fe5e712b1c67
72,72,2022-02-23T14:50:12.0000000,88,R6 - No more sheep exist,Wolf,80,3,9,3,7bac8ff5-d1b3-48ca-96d5-cb7ebbde92c7
72,72,2022-02-23T14:50:12.0000000,32,R6 - No more sheep exist,Wolf,80,3,0,3,b2cd73d7-6c61-43db-bf0a-a80cb7d3c535
72,72,2022-02-23T14:50:12.0000000,32,R6 - No more sheep exist,Wolf,80,3,7,0,c26f7ac7-f8a4-4bae-9e81-f10f1df34d01
73,73,2022-02-23T14:50:13.0000000,75,R6 - No more sheep exist,Wolf,80,3,3,2,a58d0410-6031-4c5e-bb05-77d2ca8c8484
73,73,2022-02-23T14:50:13.0000000,159,R6 - No more sheep exist,Wolf,80,3,3,3,0d59933a-b082-42fa-9ae8-02836bf4e4d4
73,73,2022-02-23T14:50:13.0000000,159,R6 - No more sheep exist,Wolf,80,3,4,9,61e2ad7a-866b-4d60-9ac3-3b471024fe80
73,73,2022-02-23T14:50:13.0000000,86,R6 - No more sheep exist,Wolf,80,3,3,3,5181d04d-6886-4c96-bf8b-fe5e712b1c67
73,73,2022-02-23T14:50:13.0000000,86,R6 - No more sheep exist,Wolf,80,3,9,0,7bac8ff5-d1b3-48ca-96d5-cb7ebbde92c7
73,73,2022-02-23T14:50:13.0000000,30,R6 - No more sheep exist,Wolf,80,3,3,3,b2cd73d7-6c61-43db-bf0a-a80cb7d3c535
73,73,2022-02-23T14:50:13.0000000,30,R6 - No more sheep exist,Wolf,80,3,9,1,c26f7ac7-f8a4-4bae-9e81-f10f1df34d01
74,74,2022-02-23T14:50:14.0000000,73,R6 - No more sheep exist,Wolf,80,3,1,4,a58d0410-6031-4c5e-bb05-77d2ca8c8484
74,74,2022-02-23T14:50:14.0000000,157,R6 - No more sheep exist,Wolf,80,3,0,4,0d59933a-b082-42fa-9ae8-02836bf4e4d4
74,74,2022-02-23T14:50:14.0000000,157,R6 - No more sheep exist,Wolf,80,3,7,7,61e2ad7a-866b-4d60-9ac3-3b471024fe80
74,74,2022-02-23T14:50:14.0000000,84,R6 - No more sheep exist,Wolf,80,3,2,0,5181d04d-6886-4c96-bf8b-fe5e712b1c67
74,74,2022-02-23T14:50:14.0000000,84,R6 - No more sheep exist,Wolf,80,3,9,0,7bac8ff5-d1b3-48ca-96d5-cb7ebbde92c7
74,74,2022-02-23T14:50:14.0000000,28,R6 - No more sheep exist,Wolf,80,3,6,2,b2cd73d7-6c61-43db-bf0a-a80cb7d3c535
74,74,2022-02-23T14:50:14.0000000,28,R6 - No more sheep exist,Wolf,80,3,9,1,c26f7ac7-f8a4-4bae-9e81-f10f1df34d01
75,75,2022-02-23T14:50:15.0000000,71,R6 - No more sheep exist,Wolf,80,3,4,5,a58d0410-6031-4c5e-bb05-77d2ca8c8484
75,75,2022-02-23T14:50:15.0000000,155,R6 - No more sheep exist,Wolf,80,3,0,4,0d59933a-b082-42fa-9ae8-02836bf4e4d4
75,75,2022-02-23T14:50:15.0000000,155,R6 - No more sheep exist,Wolf,80,3,9,9,61e2ad7a-866b-4d60-9ac3-3b471024fe80
75,75,2022-02-23T14:50:15.0000000,82,R6 - No more sheep exist,Wolf,80,3,2,0,5181d04d-6886-4c96-bf8b-fe5e712b1c67
75,75,2022-02-23T14:50:15.0000000,41,R6 - No more sheep exist,Wolf,80,3,9,0,7bac8ff5-d1b3-48ca-96d5-cb7ebbde92c7
75,75,2022-02-23T14:50:15.0000000,26,R6 - No more sheep exist,Wolf,80,3,7,5,b2cd73d7-6c61-43db-bf0a-a80cb7d3c535
75,75,2022-02-23T14:50:15.0000000,26,R6 - No more sheep exist,Wolf,80,3,7,3,c26f7ac7-f8a4-4bae-9e81-f10f1df34d01
76,76,2022-02-23T14:50:16.0000000,69,R6 - No more sheep exist,Wolf,80,3,6,3,a58d0410-6031-4c5e-bb05-77d2ca8c8484
76,76,2022-02-23T14:50:16.0000000,153,R6 - No more sheep exist,Wolf,80,3,0,4,0d59933a-b082-42fa-9ae8-02836bf4e4d4
76,76,2022-02-23T14:50:16.0000000,76,R6 - No more sheep exist,Wolf,80,3,9,9,61e2ad7a-866b-4d60-9ac3-3b471024fe80
76,76,2022-02-23T14:50:16.0000000,80,R6 - No more sheep exist,Wolf,80,3,1,3,5181d04d-6886-4c96-bf8b-fe5e712b1c67
76,76,2022-02-23T14:50:16.0000000,39,R6 - No more sheep exist,Wolf,80,3,9,0,7bac8ff5-d1b3-48ca-96d5-cb7ebbde92c7
76,76,2022-02-23T14:50:16.0000000,24,R6 - No more sheep exist,Wolf,80,3,5,7,b2cd73d7-6c61-43db-bf0a-a80cb7d3c535
76,76,2022-02-23T14:50:16.0000000,24,R6 - No more sheep exist,Wolf,80,3,6,0,c26f7ac7-f8a4-4bae-9e81-f10f1df34d01
76,76,2022-02-23T14:50:16.0000000,39,R6 - No more sheep exist,Wolf,80,3,9,0,6a0a3ce8-c023-452a-9026-3dd6a9517e21
77,77,2022-02-23T14:50:17.0000000,67,R6 - No more sheep exist,Wolf,80,3,6,0,a58d0410-6031-4c5e-bb05-77d2ca8c8484
77,77,2022-02-23T14:50:17.0000000,151,R6 - No more sheep exist,Wolf,80,3,2,2,0d59933a-b082-42fa-9ae8-02836bf4e4d4
77,77,2022-02-23T14:50:17.0000000,74,R6 - No more sheep exist,Wolf,80,3,6,9,3bd00bb5-6837-4aad-ba72-b3b15eb1ebd3
77,77,2022-02-23T14:50:17.0000000,74,R6 - No more sheep exist,Wolf,80,3,9,9,61e2ad7a-866b-4d60-9ac3-3b471024fe80
77,77,2022-02-23T14:50:17.0000000,78,R6 - No more sheep exist,Wolf,80,3,0,3,5181d04d-6886-4c96-bf8b-fe5e712b1c67
77,77,2022-02-23T14:50:17.0000000,37,R6 - No more sheep exist,Wolf,80,3,6,0,7bac8ff5-d1b3-48ca-96d5-cb7ebbde92c7
77,77,2022-02-23T14:50:17.0000000,22,R6 - No more sheep exist,Wolf,80,3,6,4,b2cd73d7-6c61-43db-bf0a-a80cb7d3c535
77,77,2022-02-23T14:50:17.0000000,22,R6 - No more sheep exist,Wolf,80,3,6,0,c26f7ac7-f8a4-4bae-9e81-f10f1df34d01
77,77,2022-02-23T14:50:17.0000000,37,R6 - No more sheep exist,Wolf,80,3,9,0,6a0a3ce8-c023-452a-9026-3dd6a9517e21
78,78,2022-02-23T14:50:18.0000000,65,R6 - No more sheep exist,Wolf,80,3,8,2,a58d0410-6031-4c5e-bb05-77d2ca8c8484
78,78,2022-02-23T14:50:18.0000000,149,R6 - No more sheep exist,Wolf,80,3,0,2,0d59933a-b082-42fa-9ae8-02836bf4e4d4
78,78,2022-02-23T14:50:18.0000000,36,R6 - No more sheep exist,Wolf,80,3,8,7,3bd00bb5-6837-4aad-ba72-b3b15eb1ebd3
78,78,2022-02-23T14:50:18.0000000,72,R6 - No more sheep exist,Wolf,80,3,6,9,61e2ad7a-866b-4d60-9ac3-3b471024fe80
78,78,2022-02-23T14:50:18.0000000,76,R6 - No more sheep exist,Wolf,80,3,0,3,5181d04d-6886-4c96-bf8b-fe5e712b1c67
78,78,2022-02-23T14:50:18.0000000,35,R6 - No more sheep exist,Wolf,80,3,4,3,7bac8ff5-d1b3-48ca-96d5-cb7ebbde92c7
78,78,2022-02-23T14:50:18.0000000,20,R6 - No more sheep exist,Wolf,80,3,4,2,b2cd73d7-6c61-43db-bf0a-a80cb7d3c535
78,78,2022-02-23T14:50:18.0000000,20,R6 - No more sheep exist,Wolf,80,3,6,0,c26f7ac7-f8a4-4bae-9e81-f10f1df34d01
78,78,2022-02-23T14:50:18.0000000,35,R6 - No more sheep exist,Wolf,80,3,9,0,6a0a3ce8-c023-452a-9026-3dd6a9517e21
79,79,2022-02-23T14:50:19.0000000,63,R6 - No more sheep exist,Wolf,80,3,8,0,a58d0410-6031-4c5e-bb05-77d2ca8c8484
79,79,2022-02-23T14:50:19.0000000,147,R6 - No more sheep exist,Wolf,80,3,3,3,0d59933a-b082-42fa-9ae8-02836bf4e4d4
79,79,2022-02-23T14:50:19.0000000,34,R6 - No more sheep exist,Wolf,80,3,9,9,3bd00bb5-6837-4aad-ba72-b3b15eb1ebd3
79,79,2022-02-23T14:50:19.0000000,34,R6 - No more sheep exist,Wolf,80,3,6,9,ff2e0f84-86cb-4552-8df1-f8a76e9517b0
79,79,2022-02-23T14:50:19.0000000,70,R6 - No more sheep exist,Wolf,80,3,3,9,61e2ad7a-866b-4d60-9ac3-3b471024fe80
79,79,2022-02-23T14:50:19.0000000,74,R6 - No more sheep exist,Wolf,80,3,0,3,5181d04d-6886-4c96-bf8b-fe5e712b1c67
79,79,2022-02-23T14:50:19.0000000,16,R6 - No more sheep exist,Wolf,80,3,4,0,7bac8ff5-d1b3-48ca-96d5-cb7ebbde92c7
79,79,2022-02-23T14:50:19.0000000,18,R6 - No more sheep exist,Wolf,80,3,1,3,b2cd73d7-6c61-43db-bf0a-a80cb7d3c535
79,79,2022-02-23T14:50:19.0000000,18,R6 - No more sheep exist,Wolf,80,3,6,0,c26f7ac7-f8a4-4bae-9e81-f10f1df34d01
79,79,2022-02-23T14:50:19.0000000,16,R6 - No more sheep exist,Wolf,80,3,6,0,6a0a3ce8-c023-452a-9026-3dd6a9517e21
80,80,2022-02-23T14:50:20.0000000,61,R6 - No more sheep exist,Wolf,80,3,9,3,a58d0410-6031-4c5e-bb05-77d2ca8c8484
80,80,2022-02-23T14:50:20.0000000,145,R6 - No more sheep exist,Wolf,80,3,0,3,0d59933a-b082-42fa-9ae8-02836bf4e4d4
80,80,2022-02-23T14:50:20.0000000,32,R6 - No more sheep exist,Wolf,80,3,7,7,3bd00bb5-6837-4aad-ba72-b3b15eb1ebd3
80,80,2022-02-23T14:50:20.0000000,32,R6 - No more sheep exist,Wolf,80,3,3,8,ff2e0f84-86cb-4552-8df1-f8a76e9517b0
80,80,2022-02-23T14:50:20.0000000,68,R6 - No more sheep exist,Wolf,80,3,5,7,61e2ad7a-866b-4d60-9ac3-3b471024fe80
80,80,2022-02-23T14:50:20.0000000,72,R6 - No more sheep exist,Wolf,80,3,0,3,5181d04d-6886-4c96-bf8b-fe5e712b1c67
80,80,2022-02-23T14:50:20.0000000,14,R6 - No more sheep exist,Wolf,80,3,4,0,7bac8ff5-d1b3-48ca-96d5-cb7ebbde92c7
80,80,2022-02-23T14:50:20.0000000,16,R6 - No more sheep exist,Wolf,80,3,0,4,b2cd73d7-6c61-43db-bf0a-a80cb7d3c535
80,80,2022-02-23T14:50:20.0000000,14,R6 - No more sheep exist,Wolf,80,3,9,0,df93bf71-a7ea-4411-8fa4-f5caa35396a5
80,80,2022-02-23T14:50:20.0000000,16,R6 - No more sheep exist,Wolf,80,3,6,0,c26f7ac7-f8a4-4bae-9e81-f10f1df34d01
80,80,2022-02-23T14:50:20.0000000,14,R6 - No more sheep exist,Wolf,80,3,1,1,27e4db98-7a98-4cec-b986-33d3ddac65c6
80,80,2022-02-23T14:50:20.0000000,14,R6 - No more sheep exist,Wolf,80,3,6,0,6a0a3ce8-c023-452a-9026-3dd6a9517e21
81,81,2022-02-23T14:50:21.0000000,59,R6 - No more sheep exist,Wolf,80,3,9,3,a58d0410-6031-4c5e-bb05-77d2ca8c8484
81,81,2022-02-23T14:50:21.0000000,143,R6 - No more sheep exist,Wolf,80,3,0,3,0d59933a-b082-42fa-9ae8-02836bf4e4d4
81,81,2022-02-23T14:50:21.0000000,30,R6 - No more sheep exist,Wolf,80,3,4,7,3bd00bb5-6837-4aad-ba72-b3b15eb1ebd3
81,81,2022-02-23T14:50:21.0000000,30,R6 - No more sheep exist,Wolf,80,3,5,6,ff2e0f84-86cb-4552-8df1-f8a76e9517b0
81,81,2022-02-23T14:50:21.0000000,66,R6 - No more sheep exist,Wolf,80,3,4,4,61e2ad7a-866b-4d60-9ac3-3b471024fe80
81,81,2022-02-23T14:50:21.0000000,70,R6 - No more sheep exist,Wolf,80,3,0,3,5181d04d-6886-4c96-bf8b-fe5e712b1c67
81,81,2022-02-23T14:50:21.0000000,12,R6 - No more sheep exist,Wolf,80,3,4,0,7bac8ff5-d1b3-48ca-96d5-cb7ebbde92c7
81,81,2022-02-23T14:50:21.0000000,14,R6 - No more sheep exist,Wolf,80,3,3,4,b2cd73d7-6c61-43db-bf0a-a80cb7d3c535
81,81,2022-02-23T14:50:21.0000000,12,R6 - No more sheep exist,Wolf,80,3,9,0,df93bf71-a7ea-4411-8fa4-f5caa35396a5
81,81,2022-02-23T14:50:21.0000000,14,R6 - No more sheep exist,Wolf,80,3,6,0,c26f7ac7-f8a4-4bae-9e81-f10f1df34d01
81,81,2022-02-23T14:50:21.0000000,12,R6 - No more sheep exist,Wolf,80,3,2,0,27e4db98-7a98-4cec-b986-33d3ddac65c6
81,81,2022-02-23T14:50:21.0000000,12,R6 - No more sheep exist,Wolf,80,3,6,0,6a0a3ce8-c023-452a-9026-3dd6a9517e21
82,82,2022-02-23T14:50:22.0000000,57,R6 - No more sheep exist,Wolf,80,3,6,2,a58d0410-6031-4c5e-bb05-77d2ca8c8484
82,82,2022-02-23T14:50:22.0000000,141,R6 - No more sheep exist,Wolf,80,3,0,3,0d59933a-b082-42fa-9ae8-02836bf4e4d4
82,82,2022-02-23T14:50:22.0000000,28,R6 - No more sheep exist,Wolf,80,3,3,4,3bd00bb5-6837-4aad-ba72-b3b15eb1ebd3
82,82,2022-02-23T14:50:22.0000000,28,R6 - No more sheep exist,Wolf,80,3,3,4,ff2e0f84-86cb-4552-8df1-f8a76e9517b0
82,82,2022-02-23T14:50:22.0000000,64,R6 - No more sheep exist,Wolf,80,3,5,7,61e2ad7a-866b-4d60-9ac3-3b471024fe80
82,82,2022-02-23T14:50:22.0000000,68,R6 - No more sheep exist,Wolf,80,3,2,1,5181d04d-6886-4c96-bf8b-fe5e712b1c67
82,82,2022-02-23T14:50:22.0000000,10,R6 - No more sheep exist,Wolf,80,3,6,2,7bac8ff5-d1b3-48ca-96d5-cb7ebbde92c7
82,82,2022-02-23T14:50:22.0000000,12,R6 - No more sheep exist,Wolf,80,3,5,6,b2cd73d7-6c61-43db-bf0a-a80cb7d3c535
82,82,2022-02-23T14:50:22.0000000,10,R6 - No more sheep exist,Wolf,80,3,9,3,df93bf71-a7ea-4411-8fa4-f5caa35396a5
82,82,2022-02-23T14:50:22.0000000,12,R6 - No more sheep exist,Wolf,80,3,6,0,c26f7ac7-f8a4-4bae-9e81-f10f1df34d01
82,82,2022-02-23T14:50:22.0000000,10,R6 - No more sheep exist,Wolf,80,3,2,0,27e4db98-7a98-4cec-b986-33d3ddac65c6
82,82,2022-02-23T14:50:22.0000000,10,R6 - No more sheep exist,Wolf,80,3,9,1,6a0a3ce8-c023-452a-9026-3dd6a9517e21
83,83,2022-02-23T14:50:23.0000000,55,R6 - No more sheep exist,Wolf,80,3,9,1,a58d0410-6031-4c5e-bb05-77d2ca8c8484
83,83,2022-02-23T14:50:23.0000000,139,R6 - No more sheep exist,Wolf,80,3,0,3,0d59933a-b082-42fa-9ae8-02836bf4e4d4
83,83,2022-02-23T14:50:23.0000000,26,R6 - No more sheep exist,Wolf,80,3,1,6,3bd00bb5-6837-4aad-ba72-b3b15eb1ebd3
83,83,2022-02-23T14:50:23.0000000,26,R6 - No more sheep exist,Wolf,80,3,6,6,ff2e0f84-86cb-4552-8df1-f8a76e9517b0
83,83,2022-02-23T14:50:23.0000000,62,R6 - No more sheep exist,Wolf,80,3,8,6,61e2ad7a-866b-4d60-9ac3-3b471024fe80
83,83,2022-02-23T14:50:23.0000000,66,R6 - No more sheep exist,Wolf,80,3,1,0,5181d04d-6886-4c96-bf8b-fe5e712b1c67
83,83,2022-02-23T14:50:23.0000000,8,R6 - No more sheep exist,Wolf,80,3,3,1,7bac8ff5-d1b3-48ca-96d5-cb7ebbde92c7
83,83,2022-02-23T14:50:23.0000000,10,R6 - No more sheep exist,Wolf,80,3,2,6,b2cd73d7-6c61-43db-bf0a-a80cb7d3c535
83,83,2022-02-23T14:50:23.0000000,8,R6 - No more sheep exist,Wolf,80,3,9,3,df93bf71-a7ea-4411-8fa4-f5caa35396a5
83,83,2022-02-23T14:50:23.0000000,10,R6 - No more sheep exist,Wolf,80,3,6,0,c26f7ac7-f8a4-4bae-9e81-f10f1df34d01
83,83,2022-02-23T14:50:23.0000000,8,R6 - No more sheep exist,Wolf,80,3,5,1,27e4db98-7a98-4cec-b986-33d3ddac65c6
83,83,2022-02-23T14:50:23.0000000,8,R6 - No more sheep exist,Wolf,80,3,6,0,6a0a3ce8-c023-452a-9026-3dd6a9517e21
84,84,2022-02-23T14:50:24.0000000,53,R6 - No more sheep exist,Wolf,80,3,6,0,a58d0410-6031-4c5e-bb05-77d2ca8c8484
84,84,2022-02-23T14:50:24.0000000,137,R6 - No more sheep exist,Wolf,80,3,1,0,0d59933a-b082-42fa-9ae8-02836bf4e4d4
84,84,2022-02-23T14:50:24.0000000,24,R6 - No more sheep exist,Wolf,80,3,0,6,3bd00bb5-6837-4aad-ba72-b3b15eb1ebd3
84,84,2022-02-23T14:50:24.0000000,24,R6 - No more sheep exist,Wolf,80,3,8,4,ff2e0f84-86cb-4552-8df1-f8a76e9517b0
84,84,2022-02-23T14:50:24.0000000,60,R6 - No more sheep exist,Wolf,80,3,6,4,61e2ad7a-866b-4d60-9ac3-3b471024fe80
84,84,2022-02-23T14:50:24.0000000,64,R6 - No more sheep exist,Wolf,80,3,4,1,5181d04d-6886-4c96-bf8b-fe5e712b1c67
84,84,2022-02-23T14:50:24.0000000,6,R6 - No more sheep exist,Wolf,80,3,5,4,7bac8ff5-d1b3-48ca-96d5-cb7ebbde92c7
84,84,2022-02-23T14:50:24.0000000,8,R6 - No more sheep exist,Wolf,80,3,1,9,b2cd73d7-6c61-43db-bf0a-a80cb7d3c535
84,84,2022-02-23T14:50:24.0000000,6,R6 - No more sheep exist,Wolf,80,3,8,0,df93bf71-a7ea-4411-8fa4-f5caa35396a5
84,84,2022-02-23T14:50:24.0000000,8,R6 - No more sheep exist,Wolf,80,3,6,0,c26f7ac7-f8a4-4bae-9e81-f10f1df34d01
84,84,2022-02-23T14:50:24.0000000,6,R6 - No more sheep exist,Wolf,80,3,8,0,27e4db98-7a98-4cec-b986-33d3ddac65c6
84,84,2022-02-23T14:50:24.0000000,6,R6 - No more sheep exist,Wolf,80,3,6,0,6a0a3ce8-c023-452a-9026-3dd6a9517e21
85,85,2022-02-23T14:50:25.0000000,51,R6 - No more sheep exist,Wolf,80,3,6,0,a58d0410-6031-4c5e-bb05-77d2ca8c8484
85,85,2022-02-23T14:50:25.0000000,135,R6 - No more sheep exist,Wolf,80,3,0,0,0d59933a-b082-42fa-9ae8-02836bf4e4d4
85,85,2022-02-23T14:50:25.0000000,22,R6 - No more sheep exist,Wolf,80,3,0,6,3bd00bb5-6837-4aad-ba72-b3b15eb1ebd3
85,85,2022-02-23T14:50:25.0000000,22,R6 - No more sheep exist,Wolf,80,3,9,4,ff2e0f84-86cb-4552-8df1-f8a76e9517b0
85,85,2022-02-23T14:50:25.0000000,29,R6 - No more sheep exist,Wolf,80,3,3,3,61e2ad7a-866b-4d60-9ac3-3b471024fe80
85,85,2022-02-23T14:50:25.0000000,62,R6 - No more sheep exist,Wolf,80,3,4,0,5181d04d-6886-4c96-bf8b-fe5e712b1c67
85,85,2022-02-23T14:50:25.0000000,4,R6 - No more sheep exist,Wolf,80,3,7,6,7bac8ff5-d1b3-48ca-96d5-cb7ebbde92c7
85,85,2022-02-23T14:50:25.0000000,6,R6 - No more sheep exist,Wolf,80,3,1,9,b2cd73d7-6c61-43db-bf0a-a80cb7d3c535
85,85,2022-02-23T14:50:25.0000000,4,R6 - No more sheep exist,Wolf,80,3,8,0,df93bf71-a7ea-4411-8fa4-f5caa35396a5
85,85,2022-02-23T14:50:25.0000000,6,R6 - No more sheep exist,Wolf,80,3,6,0,c26f7ac7-f8a4-4bae-9e81-f10f1df34d01
85,85,2022-02-23T14:50:25.0000000,4,R6 - No more sheep exist,Wolf,80,3,7,3,27e4db98-7a98-4cec-b986-33d3ddac65c6
85,85,2022-02-23T14:50:25.0000000,4,R6 - No more sheep exist,Wolf,80,3,3,1,6a0a3ce8-c023-452a-9026-3dd6a9517e21
86,86,2022-02-23T14:50:26.0000000,49,R6 - No more sheep exist,Wolf,80,3,8,2,a58d0410-6031-4c5e-bb05-77d2ca8c8484
86,86,2022-02-23T14:50:26.0000000,133,R6 - No more sheep exist,Wolf,80,3,1,3,0d59933a-b082-42fa-9ae8-02836bf4e4d4
86,86,2022-02-23T14:50:26.0000000,20,R6 - No more sheep exist,Wolf,80,3,0,6,3bd00bb5-6837-4aad-ba72-b3b15eb1ebd3
86,86,2022-02-23T14:50:26.0000000,20,R6 - No more sheep exist,Wolf,80,3,9,4,ff2e0f84-86cb-4552-8df1-f8a76e9517b0
86,86,2022-02-23T14:50:26.0000000,27,R6 - No more sheep exist,Wolf,80,3,3,0,61e2ad7a-866b-4d60-9ac3-3b471024fe80
86,86,2022-02-23T14:50:26.0000000,60,R6 - No more sheep exist,Wolf,80,3,5,3,5181d04d-6886-4c96-bf8b-fe5e712b1c67
86,86,2022-02-23T14:50:26.0000000,2,R6 - No more sheep exist,Wolf,80,3,8,9,7bac8ff5-d1b3-48ca-96d5-cb7ebbde92c7
86,86,2022-02-23T14:50:26.0000000,4,R6 - No more sheep exist,Wolf,80,3,1,9,b2cd73d7-6c61-43db-bf0a-a80cb7d3c535
86,86,2022-02-23T14:50:26.0000000,2,R6 - No more sheep exist,Wolf,80,3,9,3,df93bf71-a7ea-4411-8fa4-f5caa35396a5
86,86,2022-02-23T14:50:26.0000000,4,R6 - No more sheep exist,Wolf,80,3,3,0,c26f7ac7-f8a4-4bae-9e81-f10f1df34d01
86,86,2022-02-23T14:50:26.0000000,2,R6 - No more sheep exist,Wolf,80,3,4,2,27e4db98-7a98-4cec-b986-33d3ddac65c6
86,86,2022-02-23T14:50:26.0000000,27,R6 - No more sheep exist,Wolf,80,3,4,6,0531cdb3-13e0-4469-9362-4f7e5a836bb9
86,86,2022-02-23T14:50:26.0000000,2,R6 - No more sheep exist,Wolf,80,3,6,2,6a0a3ce8-c023-452a-9026-3dd6a9517e21
87,87,2022-02-23T14:50:27.0000000,47,R6 - No more sheep exist,Wolf,80,3,8,0,a58d0410-6031-4c5e-bb05-77d2ca8c8484
87,87,2022-02-23T14:50:27.0000000,131,R6 - No more sheep exist,Wolf,80,3,0,4,0d59933a-b082-42fa-9ae8-02836bf4e4d4
87,87,2022-02-23T14:50:27.0000000,18,R6 - No more sheep exist,Wolf,80,3,2,4,3bd00bb5-6837-4aad-ba72-b3b15eb1ebd3
87,87,2022-02-23T14:50:27.0000000,18,R6 - No more sheep exist,Wolf,80,3,9,1,ff2e0f84-86cb-4552-8df1-f8a76e9517b0
87,87,2022-02-23T14:50:27.0000000,25,R6 - No more sheep exist,Wolf,80,3,6,0,61e2ad7a-866b-4d60-9ac3-3b471024fe80
87,87,2022-02-23T14:50:27.0000000,29,R6 - No more sheep exist,Wolf,80,3,7,1,5181d04d-6886-4c96-bf8b-fe5e712b1c67
87,87,2022-02-23T14:50:27.0000000,0,R6 - No more sheep exist,Wolf,80,3,8,9,7bac8ff5-d1b3-48ca-96d5-cb7ebbde92c7
87,87,2022-02-23T14:50:27.0000000,2,R6 - No more sheep exist,Wolf,80,3,3,7,b2cd73d7-6c61-43db-bf0a-a80cb7d3c535
87,87,2022-02-23T14:50:27.0000000,0,R6 - No more sheep exist,Wolf,80,3,9,3,df93bf71-a7ea-4411-8fa4-f5caa35396a5
87,87,2022-02-23T14:50:27.0000000,2,R6 - No more sheep exist,Wolf,80,3,3,0,c26f7ac7-f8a4-4bae-9e81-f10f1df34d01
87,87,2022-02-23T14:50:27.0000000,0,R6 - No more sheep exist,Wolf,80,3,4,2,27e4db98-7a98-4cec-b986-33d3ddac65c6
87,87,2022-02-23T14:50:27.0000000,25,R6 - No more sheep exist,Wolf,80,3,7,6,0531cdb3-13e0-4469-9362-4f7e5a836bb9
87,87,2022-02-23T14:50:27.0000000,0,R6 - No more sheep exist,Wolf,80,3,6,2,6a0a3ce8-c023-452a-9026-3dd6a9517e21
88,88,2022-02-23T14:50:28.0000000,45,R6 - No more sheep exist,Wolf,80,3,5,1,a58d0410-6031-4c5e-bb05-77d2ca8c8484
88,88,2022-02-23T14:50:28.0000000,129,R6 - No more sheep exist,Wolf,80,3,3,5,0d59933a-b082-42fa-9ae8-02836bf4e4d4
88,88,2022-02-23T14:50:28.0000000,16,R6 - No more sheep exist,Wolf,80,3,5,4,3bd00bb5-6837-4aad-ba72-b3b15eb1ebd3
88,88,2022-02-23T14:50:28.0000000,16,R6 - No more sheep exist,Wolf,80,3,9,1,ff2e0f84-86cb-4552-8df1-f8a76e9517b0
88,88,2022-02-23T14:50:28.0000000,23,R6 - No more sheep exist,Wolf,80,3,3,1,61e2ad7a-866b-4d60-9ac3-3b471024fe80
88,88,2022-02-23T14:50:28.0000000,27,R6 - No more sheep exist,Wolf,80,3,6,0,5181d04d-6886-4c96-bf8b-fe5e712b1c67
88,88,2022-02-23T14:50:28.0000000,27,R6 - No more sheep exist,Wolf,80,3,8,3,fcc4a2d4-cfcf-4867-8a9a-8dc67e8d6e03
88,88,2022-02-23T14:50:28.0000000,0,R6 - No more sheep exist,Wolf,80,3,3,7,b2cd73d7-6c61-43db-bf0a-a80cb7d3c535
88,88,2022-02-23T14:50:28.0000000,0,R6 - No more sheep exist,Wolf,80,3,3,0,c26f7ac7-f8a4-4bae-9e81-f10f1df34d01
88,88,2022-02-23T14:50:28.0000000,11,R6 - No more sheep exist,Wolf,80,3,9,4,0531cdb3-13e0-4469-9362-4f7e5a836bb9
89,89,2022-02-23T14:50:29.0000000,43,R6 - No more sheep exist,Wolf,80,3,6,0,a58d0410-6031-4c5e-bb05-77d2ca8c8484
89,89,2022-02-23T14:50:29.0000000,127,R6 - No more sheep exist,Wolf,80,3,1,3,0d59933a-b082-42fa-9ae8-02836bf4e4d4
89,89,2022-02-23T14:50:29.0000000,14,R6 - No more sheep exist,Wolf,80,3,5,7,3bd00bb5-6837-4aad-ba72-b3b15eb1ebd3
89,89,2022-02-23T14:50:29.0000000,14,R6 - No more sheep exist,Wolf,80,3,9,1,ff2e0f84-86cb-4552-8df1-f8a76e9517b0
89,89,2022-02-23T14:50:29.0000000,21,R6 - No more sheep exist,Wolf,80,3,4,0,61e2ad7a-866b-4d60-9ac3-3b471024fe80
89,89,2022-02-23T14:50:29.0000000,25,R6 - No more sheep exist,Wolf,80,3,6,0,5181d04d-6886-4c96-bf8b-fe5e712b1c67
89,89,2022-02-23T14:50:29.0000000,25,R6 - No more sheep exist,Wolf,80,3,7,6,fcc4a2d4-cfcf-4867-8a9a-8dc67e8d6e03
89,89,2022-02-23T14:50:29.0000000,9,R6 - No more sheep exist,Wolf,80,3,7,6,0531cdb3-13e0-4469-9362-4f7e5a836bb9
89,89,2022-02-23T14:50:29.0000000,9,R6 - No more sheep exist,Wolf,80,3,9,7,aea00e8d-702f-45b5-aef4-2d213512d6f8
90,90,2022-02-23T14:50:30.0000000,41,R6 - No more sheep exist,Wolf,80,3,3,1,a58d0410-6031-4c5e-bb05-77d2ca8c8484
90,90,2022-02-23T14:50:30.0000000,125,R6 - No more sheep exist,Wolf,80,3,0,3,0d59933a-b082-42fa-9ae8-02836bf4e4d4
90,90,2022-02-23T14:50:30.0000000,12,R6 - No more sheep exist,Wolf,80,3,3,5,3bd00bb5-6837-4aad-ba72-b3b15eb1ebd3
90,90,2022-02-23T14:50:30.0000000,12,R6 - No more sheep exist,Wolf,80,3,6,1,ff2e0f84-86cb-4552-8df1-f8a76e9517b0
90,90,2022-02-23T14:50:30.0000000,19,R6 - No more sheep exist,Wolf,80,3,4,0,61e2ad7a-866b-4d60-9ac3-3b471024fe80
90,90,2022-02-23T14:50:30.0000000,23,R6 - No more sheep exist,Wolf,80,3,5,3,5181d04d-6886-4c96-bf8b-fe5e712b1c67
90,90,2022-02-23T14:50:30.0000000,23,R6 - No more sheep exist,Wolf,80,3,7,3,fcc4a2d4-cfcf-4867-8a9a-8dc67e8d6e03
90,90,2022-02-23T14:50:30.0000000,7,R6 - No more sheep exist,Wolf,80,3,5,4,0531cdb3-13e0-4469-9362-4f7e5a836bb9
90,90,2022-02-23T14:50:30.0000000,7,R6 - No more sheep exist,Wolf,80,3,9,7,aea00e8d-702f-45b5-aef4-2d213512d6f8
91,91,2022-02-23T14:50:31.0000000,39,R6 - No more sheep exist,Wolf,80,3,6,3,a58d0410-6031-4c5e-bb05-77d2ca8c8484
91,91,2022-02-23T14:50:31.0000000,123,R6 - No more sheep exist,Wolf,80,3,3,2,0d59933a-b082-42fa-9ae8-02836bf4e4d4
91,91,2022-02-23T14:50:31.0000000,10,R6 - No more sheep exist,Wolf,80,3,0,4,3bd00bb5-6837-4aad-ba72-b3b15eb1ebd3
91,91,2022-02-23T14:50:31.0000000,10,R6 - No more sheep exist,Wolf,80,3,7,0,ff2e0f84-86cb-4552-8df1-f8a76e9517b0
91,91,2022-02-23T14:50:31.0000000,17,R6 - No more sheep exist,Wolf,80,3,2,2,61e2ad7a-866b-4d60-9ac3-3b471024fe80
91,91,2022-02-23T14:50:31.0000000,21,R6 - No more sheep exist,Wolf,80,3,4,6,5181d04d-6886-4c96-bf8b-fe5e712b1c67
91,91,2022-02-23T14:50:31.0000000,21,R6 - No more sheep exist,Wolf,80,3,4,3,fcc4a2d4-cfcf-4867-8a9a-8dc67e8d6e03
91,91,2022-02-23T14:50:31.0000000,5,R6 - No more sheep exist,Wolf,80,3,5,1,0531cdb3-13e0-4469-9362-4f7e5a836bb9
91,91,2022-02-23T14:50:31.0000000,5,R6 - No more sheep exist,Wolf,80,3,9,4,aea00e8d-702f-45b5-aef4-2d213512d6f8
92,92,2022-02-23T14:50:32.0000000,37,R6 - No more sheep exist,Wolf,80,3,7,6,a58d0410-6031-4c5e-bb05-77d2ca8c8484
92,92,2022-02-23T14:50:32.0000000,121,R6 - No more sheep exist,Wolf,80,3,5,0,0d59933a-b082-42fa-9ae8-02836bf4e4d4
92,92,2022-02-23T14:50:32.0000000,8,R6 - No more sheep exist,Wolf,80,3,0,4,3bd00bb5-6837-4aad-ba72-b3b15eb1ebd3
92,92,2022-02-23T14:50:32.0000000,8,R6 - No more sheep exist,Wolf,80,3,9,0,ff2e0f84-86cb-4552-8df1-f8a76e9517b0
92,92,2022-02-23T14:50:32.0000000,15,R6 - No more sheep exist,Wolf,80,3,1,0,61e2ad7a-866b-4d60-9ac3-3b471024fe80
92,92,2022-02-23T14:50:32.0000000,19,R6 - No more sheep exist,Wolf,80,3,3,3,5181d04d-6886-4c96-bf8b-fe5e712b1c67
92,92,2022-02-23T14:50:32.0000000,19,R6 - No more sheep exist,Wolf,80,3,4,6,fcc4a2d4-cfcf-4867-8a9a-8dc67e8d6e03
92,92,2022-02-23T14:50:32.0000000,3,R6 - No more sheep exist,Wolf,80,3,5,0,0531cdb3-13e0-4469-9362-4f7e5a836bb9
92,92,2022-02-23T14:50:32.0000000,3,R6 - No more sheep exist,Wolf,80,3,9,4,aea00e8d-702f-45b5-aef4-2d213512d6f8
93,93,2022-02-23T14:50:33.0000000,17,R6 - No more sheep exist,Wolf,80,3,5,8,a58d0410-6031-4c5e-bb05-77d2ca8c8484
93,93,2022-02-23T14:50:33.0000000,119,R6 - No more sheep exist,Wolf,80,3,5,0,0d59933a-b082-42fa-9ae8-02836bf4e4d4
93,93,2022-02-23T14:50:33.0000000,3,R6 - No more sheep exist,Wolf,80,3,1,7,3bd00bb5-6837-4aad-ba72-b3b15eb1ebd3
93,93,2022-02-23T14:50:33.0000000,6,R6 - No more sheep exist,Wolf,80,3,9,0,ff2e0f84-86cb-4552-8df1-f8a76e9517b0
93,93,2022-02-23T14:50:33.0000000,13,R6 - No more sheep exist,Wolf,80,3,1,0,61e2ad7a-866b-4d60-9ac3-3b471024fe80
93,93,2022-02-23T14:50:33.0000000,17,R6 - No more sheep exist,Wolf,80,3,1,5,5181d04d-6886-4c96-bf8b-fe5e712b1c67
93,93,2022-02-23T14:50:33.0000000,17,R6 - No more sheep exist,Wolf,80,3,5,3,fcc4a2d4-cfcf-4867-8a9a-8dc67e8d6e03
93,93,2022-02-23T14:50:33.0000000,1,R6 - No more sheep exist,Wolf,80,3,4,3,0531cdb3-13e0-4469-9362-4f7e5a836bb9
93,93,2022-02-23T14:50:33.0000000,1,R6 - No more sheep exist,Wolf,80,3,9,4,aea00e8d-702f-45b5-aef4-2d213512d6f8
94,94,2022-02-23T14:50:34.0000000,15,R6 - No more sheep exist,Wolf,80,3,5,9,a58d0410-6031-4c5e-bb05-77d2ca8c8484
94,94,2022-02-23T14:50:34.0000000,117,R6 - No more sheep exist,Wolf,80,3,2,0,0d59933a-b082-42fa-9ae8-02836bf4e4d4
94,94,2022-02-23T14:50:34.0000000,1,R6 - No more sheep exist,Wolf,80,3,4,7,3bd00bb5-6837-4aad-ba72-b3b15eb1ebd3
94,94,2022-02-23T14:50:34.0000000,4,R6 - No more sheep exist,Wolf,80,3,9,0,ff2e0f84-86cb-4552-8df1-f8a76e9517b0
94,94,2022-02-23T14:50:34.0000000,11,R6 - No more sheep exist,Wolf,80,3,1,3,61e2ad7a-866b-4d60-9ac3-3b471024fe80
94,94,2022-02-23T14:50:34.0000000,15,R6 - No more sheep exist,Wolf,80,3,0,5,5181d04d-6886-4c96-bf8b-fe5e712b1c67
94,94,2022-02-23T14:50:34.0000000,15,R6 - No more sheep exist,Wolf,80,3,3,6,fcc4a2d4-cfcf-4867-8a9a-8dc67e8d6e03
94,94,2022-02-23T14:50:34.0000000,15,R6 - No more sheep exist,Wolf,80,3,4,5,eee54de0-851d-4adf-8e56-ec62c50dd27a
94,94,2022-02-23T14:50:34.0000000,-1,R6 - No more sheep exist,Wolf,80,3,4,3,0531cdb3-13e0-4469-9362-4f7e5a836bb9
94,94,2022-02-23T14:50:34.0000000,-1,R6 - No more sheep exist,Wolf,80,3,9,4,aea00e8d-702f-45b5-aef4-2d213512d6f8
94,94,2022-02-23T14:50:34.0000000,1,R6 - No more sheep exist,Wolf,80,3,0,4,cfd48bd5-7e4f-43c7-976f-e4fa02e5054e
95,95,2022-02-23T14:50:35.0000000,13,R6 - No more sheep exist,Wolf,80,3,2,9,a58d0410-6031-4c5e-bb05-77d2ca8c8484
95,95,2022-02-23T14:50:35.0000000,57,R6 - No more sheep exist,Wolf,80,3,2,0,0d59933a-b082-42fa-9ae8-02836bf4e4d4
95,95,2022-02-23T14:50:35.0000000,-1,R6 - No more sheep exist,Wolf,80,3,4,7,3bd00bb5-6837-4aad-ba72-b3b15eb1ebd3
95,95,2022-02-23T14:50:35.0000000,2,R6 - No more sheep exist,Wolf,80,3,9,3,ff2e0f84-86cb-4552-8df1-f8a76e9517b0
95,95,2022-02-23T14:50:35.0000000,9,R6 - No more sheep exist,Wolf,80,3,0,2,61e2ad7a-866b-4d60-9ac3-3b471024fe80
95,95,2022-02-23T14:50:35.0000000,13,R6 - No more sheep exist,Wolf,80,3,3,6,5181d04d-6886-4c96-bf8b-fe5e712b1c67
95,95,2022-02-23T14:50:35.0000000,13,R6 - No more sheep exist,Wolf,80,3,6,5,fcc4a2d4-cfcf-4867-8a9a-8dc67e8d6e03
95,95,2022-02-23T14:50:35.0000000,13,R6 - No more sheep exist,Wolf,80,3,7,6,eee54de0-851d-4adf-8e56-ec62c50dd27a
95,95,2022-02-23T14:50:35.0000000,-1,R6 - No more sheep exist,Wolf,80,3,0,4,cfd48bd5-7e4f-43c7-976f-e4fa02e5054e
96,96,2022-02-23T14:50:36.0000000,11,R6 - No more sheep exist,Wolf,80,3,0,9,a58d0410-6031-4c5e-bb05-77d2ca8c8484
96,96,2022-02-23T14:50:36.0000000,55,R6 - No more sheep exist,Wolf,80,3,2,0,0d59933a-b082-42fa-9ae8-02836bf4e4d4
96,96,2022-02-23T14:50:36.0000000,0,R6 - No more sheep exist,Wolf,80,3,9,3,ff2e0f84-86cb-4552-8df1-f8a76e9517b0
96,96,2022-02-23T14:50:36.0000000,7,R6 - No more sheep exist,Wolf,80,3,2,0,61e2ad7a-866b-4d60-9ac3-3b471024fe80
96,96,2022-02-23T14:50:36.0000000,11,R6 - No more sheep exist,Wolf,80,3,1,9,5181d04d-6886-4c96-bf8b-fe5e712b1c67
96,96,2022-02-23T14:50:36.0000000,11,R6 - No more sheep exist,Wolf,80,3,9,4,fcc4a2d4-cfcf-4867-8a9a-8dc67e8d6e03
96,96,2022-02-23T14:50:36.0000000,11,R6 - No more sheep exist,Wolf,80,3,7,9,eee54de0-851d-4adf-8e56-ec62c50dd27a
96,96,2022-02-23T14:50:36.0000000,27,R6 - No more sheep exist,Wolf,80,3,2,3,8510c5cb-30d8-4fd9-839b-0b7ec0fc202a
97,97,2022-02-23T14:50:37.0000000,9,R6 - No more sheep exist,Wolf,80,3,0,9,a58d0410-6031-4c5e-bb05-77d2ca8c8484
97,97,2022-02-23T14:50:37.0000000,53,R6 - No more sheep exist,Wolf,80,3,2,0,0d59933a-b082-42fa-9ae8-02836bf4e4d4
97,97,2022-02-23T14:50:37.0000000,5,R6 - No more sheep exist,Wolf,80,3,2,0,61e2ad7a-866b-4d60-9ac3-3b471024fe80
97,97,2022-02-23T14:50:37.0000000,9,R6 - No more sheep exist,Wolf,80,3,1,9,5181d04d-6886-4c96-bf8b-fe5e712b1c67
97,97,2022-02-23T14:50:37.0000000,9,R6 - No more sheep exist,Wolf,80,3,9,1,fcc4a2d4-cfcf-4867-8a9a-8dc67e8d6e03
97,97,2022-02-23T14:50:37.0000000,9,R6 - No more sheep exist,Wolf,80,3,4,8,eee54de0-851d-4adf-8e56-ec62c50dd27a
97,97,2022-02-23T14:50:37.0000000,25,R6 - No more sheep exist,Wolf,80,3,2,0,8510c5cb-30d8-4fd9-839b-0b7ec0fc202a
97,97,2022-02-23T14:50:37.0000000,25,R6 - No more sheep exist,Wolf,80,3,0,1,5583f156-7eac-477e-b2f8-c7dfae265dc4
98,98,2022-02-23T14:50:38.0000000,7,R6 - No more sheep exist,Wolf,80,3,2,7,a58d0410-6031-4c5e-bb05-77d2ca8c8484
98,98,2022-02-23T14:50:38.0000000,51,R6 - No more sheep exist,Wolf,80,3,2,0,0d59933a-b082-42fa-9ae8-02836bf4e4d4
98,98,2022-02-23T14:50:38.0000000,3,R6 - No more sheep exist,Wolf,80,3,2,0,61e2ad7a-866b-4d60-9ac3-3b471024fe80
98,98,2022-02-23T14:50:38.0000000,7,R6 - No more sheep exist,Wolf,80,3,1,9,5181d04d-6886-4c96-bf8b-fe5e712b1c67
98,98,2022-02-23T14:50:38.0000000,7,R6 - No more sheep exist,Wolf,80,3,9,1,fcc4a2d4-cfcf-4867-8a9a-8dc67e8d6e03
98,98,2022-02-23T14:50:38.0000000,7,R6 - No more sheep exist,Wolf,80,3,6,6,eee54de0-851d-4adf-8e56-ec62c50dd27a
98,98,2022-02-23T14:50:38.0000000,23,R6 - No more sheep exist,Wolf,80,3,0,1,8510c5cb-30d8-4fd9-839b-0b7ec0fc202a
98,98,2022-02-23T14:50:38.0000000,23,R6 - No more sheep exist,Wolf,80,3,2,3,5583f156-7eac-477e-b2f8-c7dfae265dc4
99,99,2022-02-23T14:50:39.0000000,5,R6 - No more sheep exist,Wolf,80,3,0,6,a58d0410-6031-4c5e-bb05-77d2ca8c8484
99,99,2022-02-23T14:50:39.0000000,49,R6 - No more sheep exist,Wolf,80,3,2,0,0d59933a-b082-42fa-9ae8-02836bf4e4d4
99,99,2022-02-23T14:50:39.0000000,1,R6 - No more sheep exist,Wolf,80,3,2,3,61e2ad7a-866b-4d60-9ac3-3b471024fe80
99,99,2022-02-23T14:50:39.0000000,2,R6 - No more sheep exist,Wolf,80,3,0,8,5181d04d-6886-4c96-bf8b-fe5e712b1c67
99,99,2022-02-23T14:50:39.0000000,5,R6 - No more sheep exist,Wolf,80,3,9,4,fcc4a2d4-cfcf-4867-8a9a-8dc67e8d6e03
99,99,2022-02-23T14:50:39.0000000,5,R6 - No more sheep exist,Wolf,80,3,3,5,eee54de0-851d-4adf-8e56-ec62c50dd27a
99,99,2022-02-23T14:50:39.0000000,21,R6 - No more sheep exist,Wolf,80,3,1,4,8510c5cb-30d8-4fd9-839b-0b7ec0fc202a
99,99,2022-02-23T14:50:39.0000000,21,R6 - No more sheep exist,Wolf,80,3,0,6,5583f156-7eac-477e-b2f8-c7dfae265dc4
100,100,2022-02-23T14:50:40.0000000,3,R6 - No more sheep exist,Wolf,80,3,0,6,a58d0410-6031-4c5e-bb05-77d2ca8c8484
100,100,2022-02-23T14:50:40.0000000,47,R6 - No more sheep exist,Wolf,80,3,0,2,0d59933a-b082-42fa-9ae8-02836bf4e4d4
100,100,2022-02-23T14:50:40.0000000,-1,R6 - No more sheep exist,Wolf,80,3,2,3,61e2ad7a-866b-4d60-9ac3-3b471024fe80
100,100,2022-02-23T14:50:40.0000000,0,R6 - No more sheep exist,Wolf,80,3,0,8,5181d04d-6886-4c96-bf8b-fe5e712b1c67
100,100,2022-02-23T14:50:40.0000000,3,R6 - No more sheep exist,Wolf,80,3,7,6,fcc4a2d4-cfcf-4867-8a9a-8dc67e8d6e03
100,100,2022-02-23T14:50:40.0000000,3,R6 - No more sheep exist,Wolf,80,3,3,8,eee54de0-851d-4adf-8e56-ec62c50dd27a
100,100,2022-02-23T14:50:40.0000000,0,,Wolf,80,3,1,9,d45d789e-4d73-4b3d-b0cc-11bd205f3694
100,100,2022-02-23T14:50:40.0000000,19,R6 - No more sheep exist,Wolf,80,3,4,2,8510c5cb-30d8-4fd9-839b-0b7ec0fc202a
100,100,2022-02-23T14:50:40.0000000,9,R6 - No more sheep exist,Wolf,80,3,0,6,5583f156-7eac-477e-b2f8-c7dfae265dc4
101,101,2022-02-23T14:50:41.0000000,7,R6 - No more sheep exist,Wolf,80,3,2,4,c66d708b-87fe-412b-a82f-81bef9b9f019
101,101,2022-02-23T14:50:41.0000000,1,R6 - No more sheep exist,Wolf,80,3,2,8,a58d0410-6031-4c5e-bb05-77d2ca8c8484
101,101,2022-02-23T14:50:41.0000000,45,R6 - No more sheep exist,Wolf,80,3,0,2,0d59933a-b082-42fa-9ae8-02836bf4e4d4
101,101,2022-02-23T14:50:41.0000000,1,R6 - No more sheep exist,Wolf,80,3,9,4,fcc4a2d4-cfcf-4867-8a9a-8dc67e8d6e03
101,101,2022-02-23T14:50:41.0000000,1,R6 - No more sheep exist,Wolf,80,3,5,6,eee54de0-851d-4adf-8e56-ec62c50dd27a
101,101,2022-02-23T14:50:41.0000000,17,R6 - No more sheep exist,Wolf,80,3,7,3,8510c5cb-30d8-4fd9-839b-0b7ec0fc202a
101,101,2022-02-23T14:50:41.0000000,7,R6 - No more sheep exist,Wolf,80,3,3,7,5583f156-7eac-477e-b2f8-c7dfae265dc4
102,102,2022-02-23T14:50:42.0000000,5,R6 - No more sheep exist,Wolf,80,3,4,6,c66d708b-87fe-412b-a82f-81bef9b9f019
102,102,2022-02-23T14:50:42.0000000,-1,R6 - No more sheep exist,Wolf,80,3,2,8,a58d0410-6031-4c5e-bb05-77d2ca8c8484
102,102,2022-02-23T14:50:42.0000000,43,R6 - No more sheep exist,Wolf,80,3,3,1,0d59933a-b082-42fa-9ae8-02836bf4e4d4
102,102,2022-02-23T14:50:42.0000000,-1,R6 - No more sheep exist,Wolf,80,3,9,4,fcc4a2d4-cfcf-4867-8a9a-8dc67e8d6e03
102,102,2022-02-23T14:50:42.0000000,-1,R6 - No more sheep exist,Wolf,80,3,5,6,eee54de0-851d-4adf-8e56-ec62c50dd27a
102,102,2022-02-23T14:50:42.0000000,15,R6 - No more sheep exist,Wolf,80,3,4,3,8510c5cb-30d8-4fd9-839b-0b7ec0fc202a
102,102,2022-02-23T14:50:42.0000000,5,R6 - No more sheep exist,Wolf,80,3,6,8,5583f156-7eac-477e-b2f8-c7dfae265dc4
103,103,2022-02-23T14:50:43.0000000,3,R6 - No more sheep exist,Wolf,80,3,7,7,c66d708b-87fe-412b-a82f-81bef9b9f019
103,103,2022-02-23T14:50:43.0000000,41,R6 - No more sheep exist,Wolf,80,3,6,1,0d59933a-b082-42fa-9ae8-02836bf4e4d4
103,103,2022-02-23T14:50:43.0000000,13,R6 - No more sheep exist,Wolf,80,3,6,1,8510c5cb-30d8-4fd9-839b-0b7ec0fc202a
103,103,2022-02-23T14:50:43.0000000,3,R6 - No more sheep exist,Wolf,80,3,8,9,5583f156-7eac-477e-b2f8-c7dfae265dc4
104,104,2022-02-23T14:50:44.0000000,1,R6 - No more sheep exist,Wolf,80,3,7,9,c66d708b-87fe-412b-a82f-81bef9b9f019
104,104,2022-02-23T14:50:44.0000000,39,R6 - No more sheep exist,Wolf,80,3,3,0,0d59933a-b082-42fa-9ae8-02836bf4e4d4
104,104,2022-02-23T14:50:44.0000000,11,R6 - No more sheep exist,Wolf,80,3,7,0,8510c5cb-30d8-4fd9-839b-0b7ec0fc202a
104,104,2022-02-23T14:50:44.0000000,1,R6 - No more sheep exist,Wolf,80,3,9,6,5583f156-7eac-477e-b2f8-c7dfae265dc4
105,105,2022-02-23T14:50:45.0000000,-1,R6 - No more sheep exist,Wolf,80,3,7,9,c66d708b-87fe-412b-a82f-81bef9b9f019
105,105,2022-02-23T14:50:45.0000000,37,R6 - No more sheep exist,Wolf,80,3,3,0,0d59933a-b082-42fa-9ae8-02836bf4e4d4
105,105,2022-02-23T14:50:45.0000000,9,R6 - No more sheep exist,Wolf,80,3,5,3,8510c5cb-30d8-4fd9-839b-0b7ec0fc202a
105,105,2022-02-23T14:50:45.0000000,-1,R6 - No more sheep exist,Wolf,80,3,9,6,5583f156-7eac-477e-b2f8-c7dfae265dc4
106,106,2022-02-23T14:50:46.0000000,35,R6 - No more sheep exist,Wolf,80,3,2,3,0d59933a-b082-42fa-9ae8-02836bf4e4d4
106,106,2022-02-23T14:50:46.0000000,7,R6 - No more sheep exist,Wolf,80,3,7,5,8510c5cb-30d8-4fd9-839b-0b7ec0fc202a
107,107,2022-02-23T14:50:47.0000000,33,R6 - No more sheep exist,Wolf,80,3,5,3,0d59933a-b082-42fa-9ae8-02836bf4e4d4
107,107,2022-02-23T14:50:47.0000000,2,R6 - No more sheep exist,Wolf,80,3,5,2,8510c5cb-30d8-4fd9-839b-0b7ec0fc202a
108,108,2022-02-23T14:50:48.0000000,31,R6 - No more sheep exist,Wolf,80,3,5,6,0d59933a-b082-42fa-9ae8-02836bf4e4d4
108,108,2022-02-23T14:50:48.0000000,0,,Wolf,80,3,7,5,f1a93273-bb82-4d36-8048-1fe84d2db24e
108,108,2022-02-23T14:50:48.0000000,0,R6 - No more sheep exist,Wolf,80,3,5,2,8510c5cb-30d8-4fd9-839b-0b7ec0fc202a
109,109,2022-02-23T14:50:49.0000000,29,R6 - No more sheep exist,Wolf,80,3,7,9,0d59933a-b082-42fa-9ae8-02836bf4e4d4
110,110,2022-02-23T14:50:50.0000000,27,R6 - No more sheep exist,Wolf,80,3,9,9,0d59933a-b082-42fa-9ae8-02836bf4e4d4
111,111,2022-02-23T14:50:51.0000000,25,R6 - No more sheep exist,Wolf,80,3,9,9,0d59933a-b082-42fa-9ae8-02836bf4e4d4
112,112,2022-02-23T14:50:52.0000000,23,R6 - No more sheep exist,Wolf,80,3,9,9,0d59933a-b082-42fa-9ae8-02836bf4e4d4
113,113,2022-02-23T14:50:53.0000000,21,R6 - No more sheep exist,Wolf,80,3,6,9,0d59933a-b082-42fa-9ae8-02836bf4e4d4
114,114,2022-02-23T14:50:54.0000000,19,R6 - No more sheep exist,Wolf,80,3,9,8,0d59933a-b082-42fa-9ae8-02836bf4e4d4
115,115,2022-02-23T14:50:55.0000000,17,R6 - No more sheep exist,Wolf,80,3,9,8,0d59933a-b082-42fa-9ae8-02836bf4e4d4
116,116,2022-02-23T14:50:56.0000000,15,R6 - No more sheep exist,Wolf,80,3,8,5,0d59933a-b082-42fa-9ae8-02836bf4e4d4
117,117,2022-02-23T14:50:57.0000000,13,R6 - No more sheep exist,Wolf,80,3,8,2,0d59933a-b082-42fa-9ae8-02836bf4e4d4
118,118,2022-02-23T14:50:58.0000000,11,R6 - No more sheep exist,Wolf,80,3,5,4,0d59933a-b082-42fa-9ae8-02836bf4e4d4
119,119,2022-02-23T14:50:59.0000000,9,R6 - No more sheep exist,Wolf,80,3,7,6,0d59933a-b082-42fa-9ae8-02836bf4e4d4
120,120,2022-02-23T14:51:00.0000000,7,R6 - No more sheep exist,Wolf,80,3,6,9,0d59933a-b082-42fa-9ae8-02836bf4e4d4
121,121,2022-02-23T14:51:01.0000000,5,R6 - No more sheep exist,Wolf,80,3,6,9,0d59933a-b082-42fa-9ae8-02836bf4e4d4
122,122,2022-02-23T14:51:02.0000000,3,R6 - No more sheep exist,Wolf,80,3,8,7,0d59933a-b082-42fa-9ae8-02836bf4e4d4
123,123,2022-02-23T14:51:03.0000000,1,R6 - No more sheep exist,Wolf,80,3,9,7,0d59933a-b082-42fa-9ae8-02836bf4e4d4
124,124,2022-02-23T14:51:04.0000000,-1,R6 - No more sheep exist,Wolf,80,3,9,7,0d59933a-b082-42fa-9ae8-02836bf4e4d4
